{"proxies":{"fh.imagefactory.ImagefactoryModule":{"superPackageName":"org.appcelerator.kroll","methods":{"rotateResizeImage":{"runOnUiThread":false,"hasInvocation":false,"args":[{"converter":"org.appcelerator.kroll.KrollConverter","defaultValueProvider":"org.appcelerator.kroll.KrollConverter","name":"filename","sourceName":"filename","type":"java.lang.String"},{"converter":"org.appcelerator.kroll.KrollConverter","defaultValueProvider":"org.appcelerator.kroll.KrollConverter","name":"size","sourceName":"size","type":"int"},{"converter":"org.appcelerator.kroll.KrollConverter","defaultValueProvider":"org.appcelerator.kroll.KrollConverter","name":"quality","sourceName":"quality","type":"int"}],"apiName":"rotateResizeImage","converter":"org.appcelerator.kroll.KrollConverter","defaultValueProvider":"org.appcelerator.kroll.KrollConverter","name":"__default_name__","returnType":"java.lang.Boolean"},"getExifTag":{"runOnUiThread":false,"hasInvocation":false,"args":[{"converter":"org.appcelerator.kroll.KrollConverter","defaultValueProvider":"org.appcelerator.kroll.KrollConverter","name":"filename","sourceName":"filename","type":"java.lang.String"},{"converter":"org.appcelerator.kroll.KrollConverter","defaultValueProvider":"org.appcelerator.kroll.KrollConverter","name":"tag","sourceName":"tag","type":"java.lang.String"}],"apiName":"getExifTag","converter":"org.appcelerator.kroll.KrollConverter","defaultValueProvider":"org.appcelerator.kroll.KrollConverter","name":"__default_name__","returnType":"java.lang.String"}},"superProxyClassName":"KrollModule","isModule":true,"genClassName":"ImagefactoryModuleBindingGen","superProxyBindingClassName":"org.appcelerator.kroll.KrollModuleBindingGen","proxyClassName":"ImagefactoryModule","proxyAttrs":{"propertyAccessors":[],"fullAPIName":"Imagefactory","name":"Imagefactory","proxyClassName":"fh.imagefactory.ImagefactoryModule","isTopLevel":false,"id":"fh.imagefactory"},"packageName":"fh.imagefactory","sourceName":"fh.imagefactory.ImagefactoryModuleBindingGen","constants":{"ORIENTATION_NORMAL":{"proxyName":"ORIENTATION_NORMAL","name":"ORIENTATION_NORMAL","type":"int","value":1},"ORIENTATION_UNDEFINED":{"proxyName":"ORIENTATION_UNDEFINED","name":"ORIENTATION_UNDEFINED","type":"int","value":0},"TAG_IMAGE_LENGTH":{"proxyName":"TAG_IMAGE_LENGTH","name":"TAG_IMAGE_LENGTH","type":"java.lang.String","value":"ImageLength"},"ORIENTATION_TRANSPOSE":{"proxyName":"ORIENTATION_TRANSPOSE","name":"ORIENTATION_TRANSPOSE","type":"int","value":5},"TAG_GPS_ALTITUDE_REF":{"proxyName":"TAG_GPS_ALTITUDE_REF","name":"TAG_GPS_ALTITUDE_REF","type":"java.lang.String","value":"GPSAltitudeRef"},"TAG_MAKE":{"proxyName":"TAG_MAKE","name":"TAG_MAKE","type":"java.lang.String","value":"Make"},"TAG_DATETIME":{"proxyName":"TAG_DATETIME","name":"TAG_DATETIME","type":"java.lang.String","value":"DateTime"},"TAG_WHITE_BALANCE":{"proxyName":"TAG_WHITE_BALANCE","name":"TAG_WHITE_BALANCE","type":"java.lang.String","value":"WhiteBalance"},"ORIENTATION_ROTATE_270":{"proxyName":"ORIENTATION_ROTATE_270","name":"ORIENTATION_ROTATE_270","type":"int","value":8},"ORIENTATION_FLIP_HORIZONTAL":{"proxyName":"ORIENTATION_FLIP_HORIZONTAL","name":"ORIENTATION_FLIP_HORIZONTAL","type":"int","value":2},"TAG_IMAGE_WIDTH":{"proxyName":"TAG_IMAGE_WIDTH","name":"TAG_IMAGE_WIDTH","type":"java.lang.String","value":"ImageWidth"},"WHITEBALANCE_MANUAL":{"proxyName":"WHITEBALANCE_MANUAL","name":"WHITEBALANCE_MANUAL","type":"int","value":1},"TAG_FLASH":{"proxyName":"TAG_FLASH","name":"TAG_FLASH","type":"java.lang.String","value":"Flash"},"TAG_GPS_LATITUDE":{"proxyName":"TAG_GPS_LATITUDE","name":"TAG_GPS_LATITUDE","type":"java.lang.String","value":"GPSLatitude"},"TAG_GPS_LONGITUDE":{"proxyName":"TAG_GPS_LONGITUDE","name":"TAG_GPS_LONGITUDE","type":"java.lang.String","value":"GPSLongitude"},"ORIENTATION_ROTATE_90":{"proxyName":"ORIENTATION_ROTATE_90","name":"ORIENTATION_ROTATE_90","type":"int","value":6},"TAG_GPS_LONGITUDE_REF":{"proxyName":"TAG_GPS_LONGITUDE_REF","name":"TAG_GPS_LONGITUDE_REF","type":"java.lang.String","value":"GPSLongitudeRef"},"TAG_GPS_TIMESTAMP":{"proxyName":"TAG_GPS_TIMESTAMP","name":"TAG_GPS_TIMESTAMP","type":"java.lang.String","value":"GPSTimeStamp"},"ORIENTATION_ROTATE_180":{"proxyName":"ORIENTATION_ROTATE_180","name":"ORIENTATION_ROTATE_180","type":"int","value":3},"TAG_GPS_LATITUDE_REF":{"proxyName":"TAG_GPS_LATITUDE_REF","name":"TAG_GPS_LATITUDE_REF","type":"java.lang.String","value":"GPSLatitudeRef"},"WHITEBALANCE_AUTO":{"proxyName":"WHITEBALANCE_AUTO","name":"WHITEBALANCE_AUTO","type":"int","value":0},"ORIENTATION_TRANSVERSE":{"proxyName":"ORIENTATION_TRANSVERSE","name":"ORIENTATION_TRANSVERSE","type":"int","value":7},"TAG_GPS_ALTITUDE":{"proxyName":"TAG_GPS_ALTITUDE","name":"TAG_GPS_ALTITUDE","type":"java.lang.String","value":"GPSAltitude"},"TAG_ORIENTATION":{"proxyName":"TAG_ORIENTATION","name":"TAG_ORIENTATION","type":"java.lang.String","value":"Orientation"},"ORIENTATION_FLIP_VERTICAL":{"proxyName":"ORIENTATION_FLIP_VERTICAL","name":"ORIENTATION_FLIP_VERTICAL","type":"int","value":4},"TAG_GPS_PROCESSING_METHOD":{"proxyName":"TAG_GPS_PROCESSING_METHOD","name":"TAG_GPS_PROCESSING_METHOD","type":"java.lang.String","value":"GPSProcessingMethod"},"TAG_GPS_DATESTAMP":{"proxyName":"TAG_GPS_DATESTAMP","name":"TAG_GPS_DATESTAMP","type":"java.lang.String","value":"GPSDateStamp"},"TAG_MODEL":{"proxyName":"TAG_MODEL","name":"TAG_MODEL","type":"java.lang.String","value":"Model"}},"isTitaniumSdk":false,"onAppCreate":"onAppCreate"}},"modules":{"fh.imagefactory.ImagefactoryModule":{"apiName":"Imagefactory"}}}